DATE,IPMINE
1919-01-01,25.0624
1919-02-01,22.1397
1919-03-01,21.1167
1919-04-01,22.5781
1919-05-01,23.5280
1919-06-01,24.1856
1919-07-01,25.6470
1919-08-01,24.9163
1919-09-01,26.8892
1919-10-01,27.6929
1919-11-01,19.9477
1919-12-01,24.4048
1920-01-01,27.2545
1920-02-01,26.8892
1920-03-01,27.5468
1920-04-01,25.9393
1920-05-01,26.8891
1920-06-01,28.0582
1920-07-01,27.9121
1920-08-01,28.8620
1920-09-01,26.8892
1920-10-01,28.9351
1920-11-01,29.7388
1920-12-01,30.0311
1921-01-01,25.8662
1921-02-01,24.5510
1921-03-01,22.8704
1921-04-01,22.8704
1921-05-01,23.3088
1921-06-01,22.4320
1921-07-01,21.4821
1921-08-01,21.7013
1921-09-01,21.2629
1921-10-01,22.6512
1921-11-01,21.7013
1921-12-01,21.9936
1922-01-01,24.4779
1922-02-01,26.9622
1922-03-01,29.0812
1922-04-01,16.8788
1922-05-01,17.0980
1922-06-01,18.7055
1922-07-01,17.9748
1922-08-01,19.8015
1922-09-01,25.9393
1922-10-01,28.5697
1922-11-01,29.9580
1922-12-01,31.8578
1923-01-01,31.5655
1923-02-01,31.7847
1923-03-01,32.9538
1923-04-01,35.1459
1923-05-01,34.2691
1923-06-01,34.1960
1923-07-01,34.9997
1923-08-01,34.6344
1923-09-01,31.8578
1923-10-01,33.3922
1923-11-01,33.3923
1923-12-01,31.1271
1924-01-01,32.1501
1924-02-01,33.4653
1924-03-01,31.5655
1924-04-01,29.2273
1924-05-01,29.3735
1924-06-01,29.2274
1924-07-01,29.1543
1924-08-01,28.8620
1924-09-01,30.8349
1924-10-01,30.6157
1924-11-01,30.1773
1924-12-01,30.7618
1925-01-01,32.0039
1925-02-01,31.1271
1925-03-01,30.2503
1925-04-01,31.9309
1925-05-01,32.8808
1925-06-01,32.5885
1925-07-01,33.1000
1925-08-01,33.8307
1925-09-01,29.1543
1925-10-01,29.0812
1925-11-01,29.6658
1925-12-01,29.3735
1926-01-01,28.9351
1926-02-01,30.2503
1926-03-01,33.3922
1926-04-01,33.4653
1926-05-01,32.7346
1926-06-01,33.7576
1926-07-01,34.1960
1926-08-01,34.4152
1926-09-01,34.8536
1926-10-01,35.6573
1926-11-01,36.9726
1926-12-01,37.0457
1927-01-01,36.0958
1927-02-01,36.6803
1927-03-01,38.4339
1927-04-01,33.8306
1927-05-01,34.0498
1927-06-01,33.6114
1927-07-01,32.2962
1927-08-01,33.9768
1927-09-01,33.1730
1927-10-01,32.5885
1927-11-01,32.3693
1927-12-01,31.8578
1928-01-01,32.1501
1928-02-01,31.9309
1928-03-01,33.5384
1928-04-01,32.5885
1928-05-01,33.5384
1928-06-01,32.6616
1928-07-01,32.7346
1928-08-01,33.7576
1928-09-01,33.9768
1928-10-01,34.8536
1928-11-01,35.7304
1928-12-01,34.8536
1929-01-01,36.6803
1929-02-01,37.4110
1929-03-01,35.0728
1929-04-01,36.8264
1929-05-01,36.4611
1929-06-01,36.2419
1929-07-01,37.1918
1929-08-01,36.8995
1929-09-01,37.5571
1929-10-01,36.6072
1929-11-01,34.9997
1929-12-01,36.0227
1930-01-01,34.9997
1930-02-01,34.0498
1930-03-01,32.0770
1930-04-01,32.7346
1930-05-01,32.5885
1930-06-01,32.3693
1930-07-01,31.9309
1930-08-01,31.0541
1930-09-01,30.3234
1930-10-01,30.1772
1930-11-01,29.7388
1930-12-01,29.0081
1931-01-01,27.9852
1931-02-01,27.1814
1931-03-01,28.2044
1931-04-01,28.4236
1931-05-01,27.8390
1931-06-01,28.1313
1931-07-01,27.9852
1931-08-01,26.0123
1931-09-01,25.4278
1931-10-01,26.6699
1931-11-01,26.8161
1931-12-01,26.3777
1932-01-01,23.8933
1932-02-01,23.6011
1932-03-01,25.0624
1932-04-01,23.4549
1932-05-01,21.4821
1932-06-01,20.4591
1932-07-01,20.8975
1932-08-01,21.5552
1932-09-01,22.7973
1932-10-01,23.3819
1932-11-01,23.5280
1932-12-01,22.2859
1933-01-01,22.4320
1933-02-01,23.5280
1933-03-01,24.2587
1933-04-01,22.1397
1933-05-01,25.7931
1933-06-01,27.1814
1933-07-01,28.4236
1933-08-01,29.5927
1933-09-01,27.6929
1933-10-01,26.0854
1933-11-01,26.0854
1933-12-01,26.0123
1934-01-01,26.6699
1934-02-01,27.1084
1934-03-01,29.0812
1934-04-01,27.3276
1934-05-01,27.6198
1934-06-01,27.4006
1934-07-01,27.1083
1934-08-01,26.7430
1934-09-01,26.8161
1934-10-01,26.3777
1934-11-01,26.5238
1934-12-01,27.3276
1935-01-01,28.7159
1935-02-01,28.8620
1935-03-01,29.7388
1935-04-01,27.2545
1935-05-01,28.4236
1935-06-01,30.9810
1935-07-01,27.9852
1935-08-01,28.2044
1935-09-01,28.8620
1935-10-01,30.6156
1935-11-01,30.9079
1935-12-01,31.7117
1936-01-01,32.2962
1936-02-01,33.2461
1936-03-01,31.0540
1936-04-01,33.3922
1936-05-01,32.5885
1936-06-01,33.0269
1936-07-01,33.6845
1936-08-01,33.6845
1936-09-01,34.1960
1936-10-01,34.8536
1936-11-01,36.3880
1936-12-01,36.6803
1937-01-01,36.0227
1937-02-01,36.9726
1937-03-01,40.6991
1937-04-01,37.4841
1937-05-01,37.9225
1937-06-01,39.1646
1937-07-01,38.6532
1937-08-01,39.1646
1937-09-01,39.6031
1937-10-01,38.4340
1937-11-01,37.4841
1937-12-01,36.6072
1938-01-01,35.0728
1938-02-01,33.2461
1938-03-01,33.3192
1938-04-01,32.2962
1938-05-01,30.4695
1938-06-01,31.2733
1938-07-01,32.0770
1938-08-01,33.0269
1938-09-01,33.2461
1938-10-01,33.6114
1938-11-01,34.7075
1938-12-01,34.7075
1939-01-01,34.0498
1939-02-01,34.1960
1939-03-01,34.9998
1939-04-01,32.9538
1939-05-01,33.2461
1939-06-01,34.8536
1939-07-01,36.1688
1939-08-01,31.4194
1939-09-01,37.8494
1939-10-01,39.6030
1939-11-01,39.6030
1939-12-01,38.5070
1940-01-01,39.6031
1940-02-01,38.7993
1940-03-01,39.6030
1940-04-01,42.9642
1940-05-01,40.6991
1940-06-01,39.6761
1940-07-01,39.6761
1940-08-01,38.5801
1940-09-01,38.6532
1940-10-01,37.9956
1940-11-01,39.1646
1940-12-01,40.1876
1941-01-01,39.8223
1941-02-01,40.1145
1941-03-01,42.5988
1941-04-01,34.1229
1941-05-01,41.5759
1941-06-01,42.6719
1941-07-01,42.5257
1941-08-01,43.2565
1941-09-01,43.7680
1941-10-01,44.7909
1941-11-01,44.1333
1941-12-01,44.9371
1942-01-01,44.3525
1942-02-01,44.6448
1942-03-01,42.8911
1942-04-01,44.2063
1942-05-01,43.1103
1942-06-01,42.5989
1942-07-01,42.4527
1942-08-01,43.6949
1942-09-01,43.4757
1942-10-01,43.1103
1942-11-01,43.4026
1942-12-01,42.8911
1943-01-01,41.5759
1943-02-01,43.7679
1943-03-01,45.1562
1943-04-01,45.8139
1943-05-01,44.2794
1943-06-01,39.1647
1943-07-01,45.4485
1943-08-01,45.1562
1943-09-01,45.8139
1943-10-01,45.4485
1943-11-01,44.4987
1943-12-01,46.7637
1944-01-01,46.3253
1944-02-01,47.6406
1944-03-01,47.3483
1944-04-01,48.6635
1944-05-01,48.9558
1944-06-01,47.4944
1944-07-01,46.9829
1944-08-01,47.4214
1944-09-01,47.6406
1944-10-01,47.7137
1944-11-01,48.1521
1944-12-01,46.9099
1945-01-01,46.4715
1945-02-01,47.3483
1945-03-01,48.4443
1945-04-01,48.8827
1945-05-01,47.5675
1945-06-01,48.1520
1945-07-01,48.0790
1945-08-01,46.7637
1945-09-01,44.7178
1945-10-01,41.2836
1945-11-01,46.7637
1945-12-01,45.6677
1946-01-01,46.4715
1946-02-01,47.2022
1946-03-01,46.5445
1946-04-01,35.9496
1946-05-01,39.7492
1946-06-01,46.1792
1946-07-01,49.2480
1946-08-01,47.8598
1946-09-01,48.5905
1946-10-01,48.2251
1946-11-01,46.1061
1946-12-01,47.2021
1947-01-01,50.4172
1947-02-01,51.0017
1947-03-01,51.9516
1947-04-01,47.5675
1947-05-01,51.5132
1947-06-01,51.0748
1947-07-01,51.8785
1947-08-01,52.7554
1947-09-01,53.3399
1947-10-01,53.1207
1947-11-01,53.5591
1947-12-01,53.4860
1948-01-01,54.2167
1948-02-01,54.2898
1948-03-01,48.9558
1948-04-01,50.1979
1948-05-01,56.4088
1948-06-01,56.4088
1948-07-01,56.4088
1948-08-01,56.2626
1948-09-01,55.0936
1948-10-01,55.7512
1948-11-01,54.8743
1948-12-01,54.8013
1949-01-01,53.4130
1949-02-01,53.1938
1949-03-01,48.2251
1949-04-01,52.6092
1949-05-01,51.6593
1949-06-01,48.0790
1949-07-01,46.8368
1949-08-01,46.6907
1949-09-01,42.1605
1949-10-01,39.6761
1949-11-01,49.8326
1949-12-01,47.9328
1950-01-01,46.9829
1950-02-01,43.2564
1950-03-01,53.5591
1950-04-01,52.9015
1950-05-01,53.1207
1950-06-01,54.8013
1950-07-01,55.8242
1950-08-01,56.9933
1950-09-01,57.8701
1950-10-01,58.0163
1950-11-01,56.7742
1950-12-01,57.5048
1951-01-01,58.3085
1951-02-01,57.2856
1951-03-01,57.7971
1951-04-01,58.6008
1951-05-01,58.8201
1951-06-01,58.9662
1951-07-01,59.0392
1951-08-01,59.5507
1951-09-01,59.9161
1951-10-01,61.0121
1951-11-01,60.5737
1951-12-01,60.4275
1952-01-01,60.7929
1952-02-01,61.3774
1952-03-01,61.0121
1952-04-01,60.4275
1952-05-01,53.8514
1952-06-01,54.3629
1952-07-01,54.0706
1952-08-01,57.5779
1952-09-01,61.8159
1952-10-01,57.7240
1952-11-01,61.5967
1952-12-01,60.2083
1953-01-01,59.4777
1953-02-01,59.0392
1953-03-01,59.4046
1953-04-01,59.7699
1953-05-01,60.5737
1953-06-01,61.1582
1953-07-01,61.8889
1953-08-01,62.3274
1953-09-01,61.7428
1953-10-01,60.0622
1953-11-01,59.1123
1953-12-01,58.4547
1954-01-01,58.2355
1954-02-01,58.3085
1954-03-01,58.3086
1954-04-01,58.3086
1954-05-01,59.1123
1954-06-01,60.3545
1954-07-01,60.2083
1954-08-01,58.6739
1954-09-01,57.8702
1954-10-01,58.4547
1954-11-01,59.6238
1954-12-01,60.3545
1955-01-01,62.1081
1955-02-01,63.3503
1955-03-01,63.1311
1955-04-01,64.4463
1955-05-01,64.8116
1955-06-01,65.7615
1955-07-01,65.8346
1955-08-01,66.6384
1955-09-01,67.2229
1955-10-01,68.3190
1955-11-01,68.6112
1955-12-01,68.3920
1956-01-01,68.6112
1956-02-01,68.1728
1956-03-01,69.1227
1956-04-01,70.5840
1956-05-01,69.6341
1956-06-01,69.6342
1956-07-01,65.8346
1956-08-01,69.2689
1956-09-01,70.0726
1956-10-01,70.2187
1956-11-01,70.3649
1956-12-01,69.2688
1957-01-01,69.5611
1957-02-01,70.7302
1957-03-01,71.3878
1957-04-01,70.8763
1957-05-01,70.4379
1957-06-01,69.7803
1957-07-01,70.0726
1957-08-01,69.9995
1957-09-01,69.1227
1957-10-01,68.1728
1957-11-01,66.1269
1957-12-01,65.4693
1958-01-01,64.3001
1958-02-01,63.4233
1958-03-01,60.2814
1958-04-01,59.1123
1958-05-01,59.0392
1958-06-01,61.3044
1958-07-01,63.2772
1958-08-01,65.5424
1958-09-01,66.6383
1958-10-01,66.5653
1958-11-01,66.4191
1958-12-01,66.7845
1959-01-01,66.6383
1959-02-01,67.0767
1959-03-01,67.2229
1959-04-01,69.1957
1959-05-01,70.7302
1959-06-01,69.3419
1959-07-01,66.1269
1959-08-01,62.6196
1959-09-01,62.2542
1959-10-01,62.6196
1959-11-01,66.7845
1959-12-01,68.1728
1960-01-01,66.8576
1960-02-01,67.4421
1960-03-01,67.7344
1960-04-01,69.5611
1960-05-01,68.6843
1960-06-01,68.0266
1960-07-01,67.5152
1960-08-01,68.0997
1960-09-01,67.5152
1960-10-01,67.2229
1960-11-01,67.0037
1960-12-01,66.9306
1961-01-01,66.8576
1961-02-01,66.5653
1961-03-01,67.0767
1961-04-01,66.8575
1961-05-01,66.9307
1961-06-01,67.5152
1961-07-01,67.7344
1961-08-01,68.9766
1961-09-01,68.9035
1961-10-01,70.3648
1961-11-01,70.5110
1961-12-01,70.4379
1962-01-01,69.8534
1962-02-01,70.2187
1962-03-01,70.5840
1962-04-01,70.2917
1962-05-01,69.9264
1962-06-01,69.8534
1962-07-01,70.2918
1962-08-01,70.9494
1962-09-01,70.7302
1962-10-01,69.8534
1962-11-01,70.2187
1962-12-01,69.3419
1963-01-01,70.3648
1963-02-01,71.8262
1963-03-01,71.9723
1963-04-01,71.9724
1963-05-01,73.7260
1963-06-01,73.0684
1963-07-01,73.8721
1963-08-01,74.1644
1963-09-01,74.0913
1963-10-01,73.6529
1963-11-01,74.0913
1963-12-01,74.0183
1964-01-01,75.0412
1964-02-01,75.5527
1964-03-01,75.2604
1964-04-01,75.2604
1964-05-01,75.6258
1964-06-01,76.0642
1964-07-01,75.5527
1964-08-01,76.0641
1964-09-01,76.6487
1964-10-01,76.7949
1964-11-01,77.9640
1964-12-01,77.0141
1965-01-01,77.3063
1965-02-01,77.3794
1965-03-01,77.9639
1965-04-01,77.8909
1965-05-01,77.8909
1965-06-01,78.8408
1965-07-01,78.7677
1965-08-01,79.5715
1965-09-01,77.8909
1965-10-01,80.6675
1965-11-01,80.4483
1965-12-01,81.2521
1966-01-01,81.6174
1966-02-01,81.3251
1966-03-01,83.2249
1966-04-01,80.3021
1966-05-01,83.0057
1966-06-01,83.2249
1966-07-01,83.4441
1966-08-01,83.8094
1966-09-01,83.8094
1966-10-01,84.1748
1966-11-01,84.3209
1966-12-01,84.9055
1967-01-01,84.8064
1967-02-01,83.3903
1967-03-01,82.7121
1967-04-01,83.1617
1967-05-01,81.8177
1967-06-01,82.1800
1967-07-01,84.7608
1967-08-01,85.5943
1967-09-01,84.1304
1967-10-01,84.0605
1967-11-01,83.6550
1967-12-01,83.2697
1968-01-01,84.1349
1968-02-01,85.4090
1968-03-01,86.1517
1968-04-01,86.7495
1968-05-01,87.1000
1968-06-01,86.6895
1968-07-01,88.1937
1968-08-01,87.8892
1968-09-01,87.6166
1968-10-01,85.3841
1968-11-01,87.7314
1968-12-01,88.0323
1969-01-01,88.4774
1969-02-01,88.0794
1969-03-01,88.5233
1969-04-01,88.7031
1969-05-01,89.5059
1969-06-01,91.9270
1969-07-01,89.8096
1969-08-01,90.0971
1969-09-01,90.9886
1969-10-01,91.4507
1969-11-01,91.8581
1969-12-01,93.2050
1970-01-01,92.5665
1970-02-01,91.5786
1970-03-01,91.7086
1970-04-01,91.4082
1970-05-01,91.1781
1970-06-01,90.9462
1970-07-01,90.0648
1970-08-01,92.6476
1970-09-01,93.6108
1970-10-01,95.2640
1970-11-01,95.3109
1970-12-01,94.7329
1971-01-01,93.2609
1971-02-01,91.6401
1971-03-01,91.9743
1971-04-01,92.2169
1971-05-01,92.0210
1971-06-01,91.7528
1971-07-01,88.7745
1971-08-01,90.6757
1971-09-01,90.0856
1971-10-01,82.5568
1971-11-01,85.8679
1971-12-01,91.5743
1972-01-01,91.9142
1972-02-01,90.8888
1972-03-01,91.5905
1972-04-01,92.5229
1972-05-01,91.7582
1972-06-01,91.8383
1972-07-01,91.6865
1972-08-01,92.7263
1972-09-01,92.8565
1972-10-01,92.4539
1972-11-01,92.3854
1972-12-01,92.2377
1973-01-01,92.3504
1973-02-01,92.4424
1973-03-01,91.5354
1973-04-01,91.2009
1973-05-01,91.6386
1973-06-01,91.9703
1973-07-01,93.4706
1973-08-01,93.6099
1973-09-01,92.7573
1973-10-01,93.0544
1973-11-01,92.6775
1973-12-01,93.8568
1974-01-01,93.6114
1974-02-01,93.6280
1974-03-01,92.8198
1974-04-01,92.6124
1974-05-01,93.3061
1974-06-01,91.8230
1974-07-01,92.3413
1974-08-01,89.7859
1974-09-01,90.8616
1974-10-01,91.6446
1974-11-01,85.0617
1974-12-01,87.2352
1975-01-01,91.9115
1975-02-01,90.7043
1975-03-01,88.9411
1975-04-01,88.6722
1975-05-01,88.4151
1975-06-01,89.8392
1975-07-01,87.5662
1975-08-01,88.2841
1975-09-01,87.9240
1975-10-01,88.1742
1975-11-01,89.2390
1975-12-01,89.4638
1976-01-01,91.1370
1976-02-01,90.6704
1976-03-01,89.6034
1976-04-01,89.2148
1976-05-01,89.4542
1976-06-01,88.9043
1976-07-01,88.1081
1976-08-01,89.2962
1976-09-01,89.5896
1976-10-01,89.3665
1976-11-01,90.0317
1976-12-01,91.1622
1977-01-01,88.4000
1977-02-01,91.4689
1977-03-01,93.1178
1977-04-01,92.8356
1977-05-01,92.8125
1977-06-01,92.1188
1977-07-01,92.5476
1977-08-01,90.4275
1977-09-01,93.5417
1977-10-01,93.4601
1977-11-01,94.1696
1977-12-01,86.2799
1978-01-01,84.3609
1978-02-01,85.1472
1978-03-01,89.4026
1978-04-01,98.0121
1978-05-01,97.5329
1978-06-01,97.3464
1978-07-01,98.3014
1978-08-01,97.2769
1978-09-01,95.6544
1978-10-01,97.9067
1978-11-01,97.7159
1978-12-01,97.0002
1979-01-01,95.9262
1979-02-01,95.9301
1979-03-01,96.2323
1979-04-01,97.4461
1979-05-01,96.8869
1979-06-01,97.0019
1979-07-01,96.0433
1979-08-01,98.2146
1979-09-01,97.8875
1979-10-01,99.2454
1979-11-01,99.5895
1979-12-01,99.4565
1980-01-01,101.2788
1980-02-01,100.1450
1980-03-01,101.0677
1980-04-01,99.8416
1980-05-01,99.8237
1980-06-01,99.4023
1980-07-01,97.7524
1980-08-01,95.9307
1980-09-01,97.7967
1980-10-01,97.4858
1980-11-01,99.2231
1980-12-01,101.3061
1981-01-01,100.0012
1981-02-01,101.0426
1981-03-01,102.0388
1981-04-01,96.9571
1981-05-01,97.5570
1981-06-01,101.5551
1981-07-01,104.6041
1981-08-01,105.0944
1981-09-01,104.2979
1981-10-01,103.6485
1981-11-01,102.6903
1981-12-01,102.6563
1982-01-01,101.4574
1982-02-01,102.5575
1982-03-01,101.7372
1982-04-01,99.6259
1982-05-01,98.0292
1982-06-01,96.6838
1982-07-01,95.2927
1982-08-01,94.5603
1982-09-01,93.6286
1982-10-01,93.3116
1982-11-01,93.0365
1982-12-01,91.9378
1983-01-01,92.8139
1983-02-01,90.9718
1983-03-01,89.8189
1983-04-01,90.7321
1983-05-01,90.3133
1983-06-01,90.5554
1983-07-01,91.1145
1983-08-01,91.9051
1983-09-01,92.5202
1983-10-01,93.4511
1983-11-01,93.4417
1983-12-01,92.4587
1984-01-01,96.7542
1984-02-01,95.6929
1984-03-01,94.9611
1984-04-01,96.8804
1984-05-01,98.2993
1984-06-01,98.6935
1984-07-01,100.3919
1984-08-01,99.3566
1984-09-01,99.9550
1984-10-01,96.6615
1984-11-01,96.7347
1984-12-01,96.8780
1985-01-01,94.5644
1985-02-01,96.4648
1985-03-01,96.5805
1985-04-01,96.3357
1985-05-01,96.4830
1985-06-01,96.6507
1985-07-01,94.9554
1985-08-01,94.8611
1985-09-01,95.9878
1985-10-01,95.3218
1985-11-01,94.1706
1985-12-01,96.0768
1986-01-01,95.7720
1986-02-01,94.5136
1986-03-01,92.0016
1986-04-01,89.0935
1986-05-01,88.5490
1986-06-01,87.3769
1986-07-01,87.0547
1986-08-01,86.0441
1986-09-01,85.3186
1986-10-01,85.9775
1986-11-01,86.8241
1986-12-01,86.8517
1987-01-01,87.6947
1987-02-01,87.6660
1987-03-01,87.3593
1987-04-01,87.9869
1987-05-01,87.7463
1987-06-01,88.5951
1987-07-01,88.9141
1987-08-01,90.8605
1987-09-01,91.2543
1987-10-01,92.0798
1987-11-01,92.6380
1987-12-01,92.6291
1988-01-01,91.4710
1988-02-01,91.7197
1988-03-01,92.4139
1988-04-01,91.9844
1988-05-01,92.7570
1988-06-01,92.5919
1988-07-01,92.3065
1988-08-01,92.4971
1988-09-01,91.2444
1988-10-01,91.3463
1988-11-01,91.3180
1988-12-01,91.6871
1989-01-01,91.1510
1989-02-01,89.5370
1989-03-01,90.2322
1989-04-01,92.0519
1989-05-01,92.3448
1989-06-01,91.1617
1989-07-01,90.6892
1989-08-01,91.5784
1989-09-01,91.5514
1989-10-01,90.8055
1989-11-01,91.4777
1989-12-01,89.0813
1990-01-01,93.2315
1990-02-01,92.4306
1990-03-01,91.6884
1990-04-01,92.0595
1990-05-01,91.9288
1990-06-01,91.6888
1990-07-01,92.2732
1990-08-01,91.8739
1990-09-01,92.4133
1990-10-01,93.3064
1990-11-01,92.6503
1990-12-01,91.1812
1991-01-01,91.1430
1991-02-01,92.5967
1991-03-01,91.6107
1991-04-01,90.6920
1991-05-01,90.4165
1991-06-01,90.5973
1991-07-01,89.6527
1991-08-01,89.5339
1991-09-01,89.6609
1991-10-01,89.5249
1991-11-01,88.7925
1991-12-01,89.1941
1992-01-01,89.0255
1992-02-01,87.8843
1992-03-01,88.1871
1992-04-01,89.2078
1992-05-01,89.0028
1992-06-01,88.0647
1992-07-01,89.2419
1992-08-01,87.7412
1992-09-01,88.3458
1992-10-01,88.8169
1992-11-01,88.7224
1992-12-01,88.8406
1993-01-01,88.5523
1993-02-01,88.0451
1993-03-01,87.4784
1993-04-01,87.6104
1993-05-01,87.6789
1993-06-01,88.5001
1993-07-01,87.6124
1993-08-01,87.6147
1993-09-01,88.3725
1993-10-01,89.5458
1993-11-01,89.5446
1993-12-01,89.8459
1994-01-01,88.9809
1994-02-01,89.4988
1994-03-01,90.6669
1994-04-01,89.9199
1994-05-01,90.2331
1994-06-01,90.1354
1994-07-01,90.1161
1994-08-01,90.0876
1994-09-01,89.5457
1994-10-01,89.1987
1994-11-01,89.8436
1994-12-01,91.4019
1995-01-01,90.5669
1995-02-01,90.4218
1995-03-01,89.2139
1995-04-01,89.5634
1995-05-01,89.7839
1995-06-01,89.7022
1995-07-01,90.3721
1995-08-01,89.2224
1995-09-01,90.3652
1995-10-01,89.1400
1995-11-01,90.0268
1995-12-01,89.9673
1996-01-01,88.4217
1996-02-01,89.8911
1996-03-01,91.0382
1996-04-01,91.5904
1996-05-01,91.2384
1996-06-01,92.6425
1996-07-01,92.1953
1996-08-01,92.3513
1996-09-01,92.5664
1996-10-01,92.1451
1996-11-01,91.8236
1996-12-01,91.8851
1997-01-01,91.6485
1997-02-01,93.3618
1997-03-01,93.6099
1997-04-01,92.8172
1997-05-01,93.9640
1997-06-01,93.3791
1997-07-01,93.3491
1997-08-01,93.4084
1997-09-01,94.1193
1997-10-01,93.2771
1997-11-01,92.7629
1997-12-01,93.0658
1998-01-01,95.7382
1998-02-01,94.3141
1998-03-01,92.9353
1998-04-01,93.5476
1998-05-01,93.8089
1998-06-01,91.9048
1998-07-01,90.8353
1998-08-01,91.1145
1998-09-01,88.2841
1998-10-01,89.2276
1998-11-01,89.5306
1998-12-01,87.2288
1999-01-01,87.3794
1999-02-01,86.5997
1999-03-01,85.8938
1999-04-01,85.6376
1999-05-01,85.6763
1999-06-01,85.9346
1999-07-01,86.8149
1999-08-01,86.7985
1999-09-01,86.7096
1999-10-01,87.5795
1999-11-01,88.5466
1999-12-01,89.2486
2000-01-01,88.2104
2000-02-01,88.5551
2000-03-01,89.4601
2000-04-01,88.4042
2000-05-01,88.1705
2000-06-01,88.7458
2000-07-01,88.6720
2000-08-01,89.3008
2000-09-01,88.9035
2000-10-01,89.4548
2000-11-01,88.7856
2000-12-01,88.6310
2001-01-01,88.8300
2001-02-01,89.8160
2001-03-01,89.9071
2001-04-01,90.1745
2001-05-01,90.2060
2001-06-01,89.2656
2001-07-01,88.9343
2001-08-01,88.9550
2001-09-01,88.9956
2001-10-01,88.5385
2001-11-01,87.8687
2001-12-01,86.9342
2002-01-01,86.2332
2002-02-01,85.8400
2002-03-01,84.7135
2002-04-01,84.8634
2002-05-01,85.6643
2002-06-01,85.6627
2002-07-01,85.1147
2002-08-01,85.4878
2002-09-01,83.7662
2002-10-01,82.2857
2002-11-01,84.4492
2002-12-01,84.8878
2003-01-01,85.1470
2003-02-01,85.2419
2003-03-01,85.1755
2003-04-01,84.9445
2003-05-01,84.4621
2003-06-01,84.6033
2003-07-01,84.2102
2003-08-01,85.3848
2003-09-01,85.8898
2003-10-01,85.7528
2003-11-01,85.3230
2003-12-01,85.1886
2004-01-01,85.9283
2004-02-01,84.9454
2004-03-01,85.2200
2004-04-01,84.9863
2004-05-01,84.6334
2004-06-01,84.5324
2004-07-01,86.0657
2004-08-01,85.2836
2004-09-01,82.8946
2004-10-01,83.8919
2004-11-01,85.6996
2004-12-01,85.6126
2005-01-01,85.6346
2005-02-01,86.6327
2005-03-01,86.4259
2005-04-01,86.6893
2005-05-01,85.8129
2005-06-01,85.8171
2005-07-01,85.4821
2005-08-01,85.0776
2005-09-01,76.8438
2005-10-01,78.5554
2005-11-01,81.8317
2005-12-01,83.2162
2006-01-01,84.9755
2006-02-01,84.5359
2006-03-01,84.6190
2006-04-01,85.2537
2006-05-01,85.9347
2006-06-01,86.3770
2006-07-01,86.7484
2006-08-01,86.5230
2006-09-01,86.8664
2006-10-01,87.2390
2006-11-01,86.0459
2006-12-01,87.5290
2007-01-01,85.4419
2007-02-01,86.3198
2007-03-01,86.3200
2007-04-01,86.5188
2007-05-01,87.1833
2007-06-01,86.7229
2007-07-01,86.6836
2007-08-01,86.7103
2007-09-01,86.8485
2007-10-01,86.5668
2007-11-01,87.5963
2007-12-01,88.2566
2008-01-01,87.8222
2008-02-01,87.9508
2008-03-01,88.4015
2008-04-01,88.8212
2008-05-01,88.6455
2008-06-01,89.2935
2008-07-01,91.5520
2008-08-01,90.1448
2008-09-01,80.0449
2008-10-01,86.9534
2008-11-01,88.9450
2008-12-01,87.1698
2009-01-01,86.5903
2009-02-01,85.3831
2009-03-01,83.4544
2009-04-01,82.1243
2009-05-01,81.8477
2009-06-01,81.6057
2009-07-01,82.4248
2009-08-01,83.3553
2009-09-01,83.1392
2009-10-01,82.7501
2009-11-01,82.6227
2009-12-01,81.7665
2010-01-01,83.4813
2010-02-01,84.9676
2010-03-01,85.8503
2010-04-01,86.2974
2010-05-01,86.2278
2010-06-01,86.4064
2010-07-01,86.9482
2010-08-01,88.1953
2010-09-01,89.5032
2010-10-01,89.5930
2010-11-01,88.9334
2010-12-01,89.4138
2011-01-01,89.3023
2011-02-01,87.4154
2011-03-01,90.6036
2011-04-01,91.1147
2011-05-01,92.1304
2011-06-01,92.6394
2011-07-01,92.1118
2011-08-01,93.7639
2011-09-01,93.2616
2011-10-01,95.5154
2011-11-01,96.5121
2011-12-01,97.3654
2012-01-01,98.8204
2012-02-01,98.4352
2012-03-01,98.4662
2012-04-01,98.6331
2012-05-01,99.0607
2012-06-01,99.2476
2012-07-01,100.3598
2012-08-01,99.0861
2012-09-01,100.5430
2012-10-01,102.1942
2012-11-01,102.4351
2012-12-01,102.7185
2013-01-01,102.5622
2013-02-01,103.6102
2013-03-01,104.1841
2013-04-01,104.8930
2013-05-01,105.4444
2013-06-01,106.1753
2013-07-01,107.4346
2013-08-01,107.6177
2013-09-01,109.2537
2013-10-01,107.3041
2013-11-01,108.3689
2013-12-01,108.8630
2014-01-01,110.3368
2014-02-01,111.5209
2014-03-01,113.7227
2014-04-01,116.0108
2014-05-01,117.0048
2014-06-01,118.5869
2014-07-01,119.1704
2014-08-01,120.2292
2014-09-01,120.9722
2014-10-01,121.2743
2014-11-01,120.8322
2014-12-01,123.4521
2015-01-01,121.5621
2015-02-01,118.2008
2015-03-01,116.7112
2015-04-01,115.3762
2015-05-01,113.2207
2015-06-01,112.3545
2015-07-01,113.5905
2015-08-01,114.1062
2015-09-01,112.8818
2015-10-01,111.0607
2015-11-01,109.0911
2015-12-01,108.4074
2016-01-01,107.2529
2016-02-01,105.4133
2016-03-01,103.0563
2016-04-01,101.0924
2016-05-01,101.3835
2016-06-01,101.1790
2016-07-01,101.3458
2016-08-01,100.9934
2016-09-01,100.6451
2016-10-01,103.0131
2016-11-01,102.5411
2016-12-01,102.7108
2017-01-01,104.8529
2017-02-01,106.7549
2017-03-01,107.4167
2017-04-01,108.4874
2017-05-01,109.2211
2017-06-01,110.3644
2017-07-01,110.3619
2017-08-01,109.6579
2017-09-01,110.8609
2017-10-01,112.7433
2017-11-01,114.6799
2017-12-01,115.7468
2018-01-01,114.7168
2018-02-01,117.3375
2018-03-01,118.6537
2018-04-01,119.9414
2018-05-01,120.7917
2018-06-01,123.2572
2018-07-01,124.3916
2018-08-01,127.1482
2018-09-01,128.4626
2018-10-01,128.6303
2018-11-01,129.7010
2018-12-01,132.5287
2019-01-01,132.0621
2019-02-01,130.3222
2019-03-01,130.0886
2019-04-01,133.4220
2019-05-01,133.0852
2019-06-01,133.6105
2019-07-01,130.6869
2019-08-01,133.7112
2019-09-01,133.6421
2019-10-01,133.4335
2019-11-01,132.6327
2019-12-01,133.8142
2020-01-01,135.1876
2020-02-01,133.0159
2020-03-01,130.7168
2020-04-01,121.8124
2020-05-01,108.0342
2020-06-01,110.7054
2020-07-01,114.4723
2020-08-01,113.3109
2020-09-01,114.3108
2020-10-01,112.3632
2020-11-01,115.4818
2020-12-01,117.3581
